,node,Collision_rate,Received Rate,Probability
0,0,0.650857420363048,52.02182540688445,0.1289547456948338
0,0,0.5605239771135819,7.8543164510994945,0.08488063660477453
0,0,1.042904544666044,63.85581263628652,0.13841623036649214
0,0,0.49589934511289,13.542349675250462,0.1009009009009009
0,0,0.4020085631528961,8.627702470783344,0.08781869688385269
0,0,1.3369475342861892,17.875240947820753,0.23193473193473196
0,0,0.1731806953687058,3.990637403571869,0.08021390374331551
0,0,0.31090716944021096,5.934721481677215,0.07539682539682539
0,0,0.5906574734173722,9.145707504469073,0.08923884514435695
0,0,0.8285673719671262,7.9956132313702195,0.08454810495626823
0,0,0.4411584570504141,19.87410973977736,0.10701956271576524
0,0,0.377824368718979,7.420349911232402,0.08015267175572519
0,0,0.7477409740157706,241.1283626153928,0.15603939865215138
0,0,1.1158832629515711,56.27159883340666,0.13365420214735282
0,0,0.6917414235197062,168.7019053256079,0.15594467707143764
0,0,0.5049807588763718,5.770911838894353,0.07581227436823104
0,0,0.6736094430263776,15.874017393318686,0.10182767624020887
0,0,1.0473997507580697,199.6152843246232,0.15490375802016498
1,2,0.38672930406459743,3.703103139680556,0.0
1,2,5617.977528033461,3.107869500087295,0.0
1,2,1.2385963069701384,3.68347903559328,0.0
1,2,0.40208260968836784,4.488355818862519,0.0
1,2,1.6040926877298805,15.349300181041365,0.0
1,2,0.13162323895491165,2.6679890996458058,0.0
1,2,0.7437487188056745,4.212167443332474,0.0
1,2,0.2514899501175322,4.709462479424269,0.0
1,2,0.0,2.4038125596138977,0.0
1,2,0.19002524352532585,3.3045578582090327,0.0
1,2,1043.782773147418,3.672630198804964,0.0
1,2,0.5505429472328146,5.147780448795993,0.0
1,2,0.27634631222666056,4.371157899417764,0.0
1,2,0.1768995221153226,3.891229712949496,0.0
1,2,0.12914870979970616,3.8183816200035565,0.0
1,2,3362.150700576793,1.8780101275982688,0.0
1,2,2.2314776302506885,3.2329067319179723,0.0
1,2,0.909884756727126,5.497423624032698,0.0
2,3,0.7401352680537245,8.286181177447409,0.020671834625323002
2,3,0.7376730329019847,10.273752048647255,0.008438818565400843
2,3,0.3843546268976457,4.459937582182961,0.009569377990430622
2,3,0.445027069675536,9.046426075293807,0.005405405405405407
2,3,1.3450971891485493,10.37362733257259,0.009259259259259259
2,3,0.5803270345196792,10.263799363943557,0.0
2,3,0.40050427428151736,5.722699932348402,0.00823045267489712
2,3,1.0089976215588128,14.887374149465478,0.0
2,3,0.7578731072234014,8.856461313521008,0.0106951871657754
2,3,0.8675057811869592,5.895168697489072,0.021505376344086027
2,3,1.6210110877789288,13.38365631589775,0.0
2,3,0.778199970854772,10.431502408712896,0.004662004662004662
2,3,0.6764383309077725,6.380270650510823,0.006688963210702341
2,3,0.6560421226779806,10.879013202245305,0.0
2,3,0.5033591581901977,18.133338538465853,0.21185372005044134
2,3,0.5917875139246707,10.739436253031103,0.007766990291262136
2,3,0.9562510706565991,11.715933577386545,0.005964214711729622
2,3,0.604074635018675,9.096023358906518,0.0047169811320754715
3,4,0.6832573058246227,31.029864052283248,0.3143049026192075
3,4,0.5704594274909255,38.631474583631594,0.29341963322545844
3,4,1.3243393445610432,12.73287235456351,0.0
3,4,1.5320811843862483,13.919386066093766,0.0
3,4,1.5132343437894182,11.356069928845315,0.0
3,4,0.6181062302774982,14.921009174905848,0.08379888268156424
3,4,1.8764329147468943,10.939637252543758,0.0
3,4,0.9940118490111888,17.961872958020326,0.06032482598607888
3,4,0.8272099973325222,10.43956786046718,0.0
3,4,1.0732301514684517,13.670908933981345,0.0
3,4,0.4478083193335704,6.6262945643979325,0.0
3,4,1.5425640200940849,12.023214881216694,0.0
3,4,0.9718526693023282,10.960493243525162,0.0
3,4,0.5720117412034236,9.918621262201476,0.0
3,4,1.09386485199903,8.585997684146818,0.0
3,4,1.1002448579400963,50.676704663984395,0.3273026315789473
3,4,0.9096201936307684,45.15340098313357,0.2824180895246885
3,4,13.048170550726562,11.045094108247119,0.0
4,5,0.8051509670084755,89.39769840207623,0.1483050847457627
4,5,0.9871383751799384,42.255097628895605,0.3238578680203046
4,5,1.1060178670048173,18.98013704040796,0.1909989023051592
4,5,0.9221096154223688,122.47285948808356,0.4030451522576129
4,5,1.3741321295485391,15.662118987186739,0.1241565452091768
4,5,0.8678632765255281,62.87124307647463,0.3895055499495459
4,5,3.7936488982680014,62.793465250999425,0.3459630130807397
4,5,1.3455200869824901,42.401568145223905,0.3038363171355499
4,5,0.854308564698875,18.20334073691905,0.09115281501340483
4,5,1.3335308066542175,12.233883489471426,0.03205128205128205
4,5,3.2173813660027557,53.594194984908754,0.33710308829926056
4,5,0.6983732137657679,8.247410049769076,0.042328042328042326
4,5,0.9147860324137164,15.740948700417814,0.14596273291925466
4,5,0.8403636962039228,9.578267906490488,0.030075187969924814
4,5,5.650973977002821,34.14617865370609,0.3025
4,5,2.288530329974782,17.153171403240712,0.168
4,5,0.8128335400974622,124.25900661639072,0.15543259557344066
4,5,0.3769036945672301,6.28824632706264,0.0299625468164794
5,6,0.41830180607880735,8.234671064640303,0.0728862973760933
5,6,0.9047343801499248,101.89487692878383,0.3785080355001199
5,6,0.3443420641813736,6.995520726360684,0.08502024291497975
5,6,1.5275531249681584,13.92018111792768,0.15562403697996918
5,6,0.7223355891192379,9.046058350858123,0.0630841121495327
5,6,0.7100541452440818,7.981070823964131,0.08967391304347826
5,6,0.6827235496635239,10.226851206650275,0.06486486486486487
5,6,0.5393558987806389,7.529396701678136,0.08978328173374613
5,6,0.4572701169154155,6.463104984029357,0.0695970695970696
5,6,0.17318717304045014,3.7985746880926983,0.07303370786516854
5,6,0.31747584360805026,4.419635150487139,0.07177033492822966
5,6,1.763440421790898,148.77064173225037,0.37608659996719696
5,6,0.6800889696031127,10.063098694268165,0.05194805194805195
5,6,0.3947272609808902,58.043917613502366,0.4566587864460205
5,6,0.5923842613743682,140.59633260326694,0.4171579273968353
5,6,1.7945897153318793,42.025934463026935,0.2613412228796844
5,6,0.7949069262070185,10.394832539931377,0.19381443298969075
5,6,0.28713840395754897,5.630421436167893,0.07112970711297073
6,7,1.4672293781191068,89.39957820572485,0.3437794533459001
6,7,1.4328806931972848,12.517472772257294,0.05025996533795494
6,7,0.8268072754628168,20.69833591762487,0.2139917695473251
6,7,2.6857257678165656,34.531680539995364,0.16993957703927492
6,7,1.5313492652285858,21.41714265051921,0.13280363223609534
6,7,0.8591122782282883,10.904966929176862,0.0440251572327044
6,7,1.476021601338042,62.42120086416295,0.3093239063190455
6,7,1.2485403614464097,64.30858084612728,0.320642030608436
6,7,3.9907592000285983,28.389152942773574,0.0978102189781022
6,7,1.8788350219289256,14.817421241854605,0.09317803660565724
6,7,0.9792265932091134,36.998395592050365,0.2693517935808685
6,7,1.1575252675586851,16.49422818258904,0.15768725361366626
6,7,0.8871779958311679,7.456985955684563,0.06232294617563739
6,7,5.331628470638299,12.393931373783932,0.14974182444061962
6,7,0.2348679166344065,5.625088103176794,0.04814814814814815
6,7,1.3734814524076828,10.079711906526276,0.05319148936170213
6,7,2.6233592778401023,19.325998668551236,0.16544117647058826
6,7,0.5504910401403597,7.275326778192612,0.04854368932038835
7,8,0.0,4.028391507330183,0.07017543859649122
7,8,0.5460355560771771,4.035000489976544,0.054054054054054064
7,8,0.3370126513377428,5.101194332952918,0.10762331838565024
7,8,0.21546861065049416,3.364051159965164,0.06289308176100629
7,8,0.2717302002211196,5.749495931239557,0.06037735849056604
7,8,0.3296565063035965,5.659135581648381,0.11353711790393012
7,8,0.2631993944358516,4.394388932830593,0.11707317073170732
7,8,1.2300176778571168,7.831478081752089,0.1059190031152648
7,8,0.2128509300560681,4.62033037547672,0.09230769230769233
7,8,0.19710125647186535,6.48846734223308,0.09446254071661238
7,8,4.4112959386544714,6.9652282436707305,0.0992063492063492
7,8,0.14725605206180964,5.361397819298113,0.034782608695652174
7,8,0.10499602138418676,5.219155659843303,0.04878048780487805
7,8,0.7463132285474473,11.834194438712888,0.14035087719298245
7,8,0.2726262683216151,6.562890741882515,0.0398406374501992
7,8,0.2433759241899696,5.620796183940898,0.07633587786259542
7,8,5.0591163564231785,2.9234820375008534,0.0583941605839416
7,8,1.0897666736163791,6.314180870034223,0.053231939163498096
8,9,0.5208440854858171,5.308904570774992,0.040816326530612235
8,9,0.36763879618133855,3.2567007774836982,0.03896103896103896
8,9,0.17086610778076738,2.9452870550053434,0.043478260869565216
8,9,0.38518625610997337,4.379919008629163,0.021621621621621626
8,9,0.4680378175295571,6.026256435012728,0.047808764940239036
8,9,0.5210238463230078,9.882757826611536,0.1037037037037037
8,9,1.7472493907421225,17.10715879166407,0.2272727272727273
8,9,0.4460515148235395,3.8960996018870806,0.04395604395604396
8,9,0.3828830440333114,3.934313536216155,0.03592814371257485
8,9,0.28537292234234285,3.684820773870305,0.011627906976744186
8,9,0.5829497238720798,5.898071928607032,0.028571428571428567
8,9,0.5392840586943628,5.984169033835548,0.028673835125448032
8,9,1.7664023146516032,17.574131454863632,0.11556603773584904
8,9,0.4778624473990725,5.827989889613862,0.08800000000000001
8,9,0.4265768955466577,5.914913271043107,0.018691588785046728
8,9,0.3525633250847534,5.353164165066345,0.07407407407407407
8,9,0.7520558724155915,7.94620304274564,0.01644736842105263
8,9,0.44521084739210737,5.0595906566737785,0.00966183574879227
9,10,0.6137415280807783,4.7579803936730825,0.05333333333333334
9,10,0.6375337532866575,8.158648801442085,0.07142857142857142
9,10,0.5528932316746711,8.872759074957012,0.07242339832869081
9,10,1.360286728506844,10.929799509321802,0.05263157894736842
9,10,0.4067756804553304,6.007250453337556,0.05882352941176471
9,10,0.5573987295077402,8.004480306504579,0.06571428571428571
9,10,1.5937396420488403,11.565687787747835,0.06118143459915613
9,10,0.7141297214075951,9.026927960198947,0.05585106382978723
9,10,0.7077269483132821,6.172601549181452,0.0763888888888889
9,10,0.7854250713019986,7.5467469796557936,0.04335260115606936
9,10,1.459511129624718,12.804850649358444,0.11725293132328307
9,10,0.2814291559043845,4.33201326404852,0.06403940886699508
9,10,1.0209387461300368,6.9838944909144525,0.05084745762711865
9,10,1.1762840188323265,9.932963077399476,0.09170305676855896
9,10,0.9955610379553264,10.558532749795262,0.06282722513089005
9,10,0.4549988446441837,7.50531569230548,0.07924528301886792
9,10,1.5357781376901332,17.904539856890008,0.0787037037037037
9,10,1.3128860954712576,14.224292592812967,0.1485884101040119
10,11,1.0756433993320866,12.23818353765843,0.17714285714285713
10,11,1.0525321387352464,12.562669424085689,0.17412935323383086
10,11,0.9730219915698088,11.560313945696175,0.15173674588665448
10,11,0.3598059558225877,4.461928324446896,0.08056872037914692
10,11,0.7585607711888013,8.229281483487801,0.05063291139240506
10,11,1.2831944616658308,183.34834088140198,0.4107521516776849
10,11,1.109410117490257,10.554095443305712,0.171875
10,11,1.8426485750222132,22.049109649278694,0.13909774436090225
10,11,0.5905437262143736,12.147940435019224,0.1600790513833992
10,11,0.4606618995171195,7.106843388446353,0.06626506024096386
10,11,0.4829715286637578,6.386841665777104,0.08053691275167785
10,11,1.3624624433062702,13.100420782137766,0.16044776119402984
10,11,0.6250360381231329,7.750147851346634,0.07526881720430108
10,11,1.515920322626658,16.00681339577238,0.13871951219512196
10,11,1.0652769633753207,13.087309981197553,0.17384105960264903
10,11,0.9193888724555624,8.34406013337948,0.1918158567774936
10,11,1.0823826220498889,12.886485605129561,0.1868131868131868
10,11,1.1632238778575297,11.671389884103082,0.16024340770791076
11,12,0.12149130172332863,3.5305013873492723,0.12080536912751677
11,12,5615.37489646797,2.240714763534987,0.09523809523809523
11,12,0.22961658387582226,4.970589104828694,0.06763285024154589
11,12,0.1531899868701389,4.140462336304031,0.13259668508287292
11,12,0.08753782820808563,3.8508537422739364,0.06611570247933883
11,12,1.4652477881425885,5.39590605789379,0.10038610038610038
11,12,0.14738610053853424,4.009423682381777,0.04651162790697674
11,12,0.0,9.583373435930946,0.17316017316017315
11,12,0.2563822899483301,4.291733840705919,0.13592233009708735
11,12,0.3092442500181149,5.674184666806832,0.08294930875576037
11,12,0.23944012617697985,2.687086434212397,0.09448818897637797
11,12,0.7323990992833811,5.758829424505398,0.1440677966101695
11,12,0.0,3.4630258210439644,0.08163265306122447
11,12,0.3858321947046223,4.763251701899099,0.10810810810810813
11,12,0.731126536054424,3.4243909706868365,0.10191082802547773
11,12,1.286890504113033,3.537501231796252,0.14545454545454545
11,12,1.1591286569823358,5.033441553026776,0.12931034482758622
11,12,0.7414408222364234,5.305215074678957,0.11553784860557767
12,13,0.3202372757086913,3.2659723810238144,0.013071895424836602
12,13,0.5655324784623742,4.450473039735061,0.01058201058201058
12,13,0.4288203320127102,9.324585451727282,0.17011494252873566
12,13,0.7164488527168931,7.7660856452734475,0.027932960893854747
12,13,0.2853069828513439,10.25406100585726,0.11049723756906077
12,13,0.7787332878675152,48.72939607511333,0.3480902777777778
12,13,0.8879070409447618,8.267072845888558,0.02030456852791878
12,13,0.5950789077339265,12.89538291009116,0.19858156028368795
12,13,0.8828902378015002,8.15857688428999,0.013513513513513514
12,13,0.5607593886633668,8.215929163961942,0.021108179419525062
12,13,1.4134243874349397,14.932835501268766,0.04444444444444445
12,13,0.5523442594519321,8.066517069404059,0.03571428571428571
12,13,1.415616987152735,14.006312704919145,0.11498257839721256
12,13,0.8405873944401642,7.749843629858779,0.006309148264984227
12,13,1.0206518530492956,7.56377945978135,0.013774104683195593
12,13,0.5363430312513262,37.50678524814595,0.3306401491609696
12,13,0.8295157991606444,6.961337659645414,0.013605442176870748
12,13,1.0513179454079506,12.935132669647713,0.12935323383084574
13,14,0.8318690648234117,19.286329015410136,0.12043010752688173
13,14,0.8026910075448545,7.56284255755728,0.02865329512893983
13,14,0.23484702144860156,3.350918196256502,0.012738853503184714
13,14,0.6964340665665271,17.86101027472436,0.2043010752688172
13,14,0.4387654061911848,7.642531400331698,0.02240896358543417
13,14,1.1658397935941467,10.22360314747936,0.00477326968973747
13,14,0.3859218256924216,7.6520943439514895,0.09523809523809523
13,14,0.7295162892681958,7.700502645432483,0.02228412256267409
13,14,0.6428295446183369,10.584258824369504,0.07852193995381063
13,14,0.7859232621974505,14.560999330239015,0.1886178861788618
13,14,0.4869892827030967,4.3776442352279945,0.028985507246376805
13,14,0.9945469558089924,19.51049597430895,0.18850267379679145
13,14,0.285448702976906,7.8459750410497175,0.05054151624548736
13,14,0.4584181517014762,4.68571909805073,0.03015075376884422
13,14,0.9642948337745852,85.07999933544863,0.3561035758323058
13,14,0.6063008224181824,8.041855932320036,0.06376811594202897
13,14,0.7380731486135313,9.875628342129003,0.0223463687150838
13,14,0.6968595696573339,6.493111461845398,0.014084507042253518
14,15,2.237911213872953,626.1280874885516,0.0019968715678769927
14,15,2.674890566835756,705.1152695707074,0.010638297872340424
14,15,1.830650435691392,830.3566810650592,0.0
14,15,2.75691083291372,530.4927623361194,0.002201171337604654
14,15,1.8653684312167904,568.184046491321,7.336757153338224e-05
14,15,1.7232645838044245,437.52552229565424,0.00028574149919039914
14,15,2.2894429630226107,464.34555903789874,0.0
14,15,2.46779392927605,704.4780899122768,0.026618556091212917
14,15,1.7160909239441946,655.4141508137348,0.02056841302136317
14,15,1.4162384074986236,367.6679298036744,0.00011334013374135779
14,15,1.437975580684581,608.0160628272233,0.0
14,15,2.3896327592822466,717.5248256562485,5.808381494496559e-05
14,15,1.1680179558974684,654.2473402705771,0.017611464968152867
14,15,1.4382157542317284,604.1117804336731,6.897978892184589e-05
14,15,1.994901186706144,721.3337186526094,0.0
14,15,1.0675691998029704,663.8037150779717,0.01500549364307016
14,15,2.4455084915708816,763.7608441069515,0.0
14,15,1.5477727892895776,553.0640984043026,0.0002260482989865501
15,16,0.8322241037721949,16.19070713622308,0.08751608751608751
15,16,1.3658974064069245,57.5386886672772,0.3303151032234697
15,16,0.8629384177047518,56.278577199762594,0.3082623193775472
15,16,0.9181817975692058,55.68278637927214,0.2538375140396855
15,16,1.50410440794227,57.50385681494001,0.3131569409206234
15,16,1.1160616469589286,60.6399077439764,0.32508591065292103
15,16,1.4215161476223084,56.28830064843017,0.2354683450573861
15,16,1.1593543611375,55.23232873663795,0.20226415094339625
15,16,0.938216864473771,75.59004389633779,0.3408714837286266
15,16,1.07221747389401,64.24584792574296,0.2270515731430425
15,16,0.5266128064025549,44.39639480949528,0.19734345351043645
15,16,0.584040769905427,32.11052728046302,0.30240103828682674
15,16,1.3187567872527184,66.95549503570203,0.32575521644347555
15,16,1.0437579630896243,64.22098928073878,0.3108371187540558
15,16,1.174954708594402,44.57631857889355,0.2767648433847592
15,16,0.9830650544152936,45.43527816821179,0.2119266055045872
15,16,1.2539892517920264,56.136432461644446,0.3170007423904974
15,16,1.9194935657724592,84.04312211449582,0.32936507936507936
16,17,0.376647481980698,11.04111906417231,0.0
16,17,0.7600070877123161,11.262669228344851,0.0
16,17,0.8554326384311544,11.615759138454404,0.0
16,17,0.23565327587329374,6.240804341126673,0.0
16,17,0.5659026433843339,10.950473000148373,0.0
16,17,0.3203349986603929,4.822660466323244,0.0
16,17,0.7492560429143541,18.13624751629919,0.0
16,17,0.4719986466976664,7.319081899394728,0.0
16,17,0.5010989010267648,11.203174308023332,0.0
16,17,0.39140923412443773,12.072804174562965,0.0
16,17,0.4937505302843128,10.425976869373118,0.0
16,17,0.3462268294559261,10.802482351015813,0.0
16,17,0.9127619180854266,12.254257894352019,0.0
16,17,0.5129596465653938,7.971957095489567,0.0
16,17,0.3432537609111708,8.989519001902599,0.0
16,17,0.4741695318105168,10.21012840800423,0.0
16,17,0.7781999563394124,12.060664553482196,0.0
16,17,0.34609823405546325,6.401950942243809,0.0
17,18,0.41188778097316414,7.914436778774372,0.0
17,18,0.2592367401736461,43.30705151033361,0.3438520130576714
17,18,1.1247526788593034,12.098350685326825,0.0
17,18,0.7190723968804257,13.668938883600294,0.06717557251908397
17,18,0.5192557071152017,9.076160830228623,0.0
17,18,1.5452976952223545,7.772532294086043,0.0
17,18,0.627505383466875,9.231538513992172,0.0
17,18,0.699793599199603,9.433306304815256,0.0
17,18,0.9445663157561172,10.683537020009478,0.04819277108433735
17,18,0.924112460985283,12.065137260793078,0.0690846286701209
17,18,0.8684874965114759,9.645511122211088,0.0
17,18,0.6637374821242535,8.551871007190265,0.0
17,18,0.9368329274609208,9.702127854871948,0.0
17,18,0.3203016179171863,4.225204029463643,0.0
17,18,0.5291676262788194,5.599353786211559,0.0
17,18,0.8154602255219696,6.337589877067777,0.0
17,18,10.382256492015467,15.46794019916168,0.0
17,18,0.7635511865305978,7.043094351208763,0.0
18,19,0.5673190340390425,6.759676898870269,0.0
18,19,1.0203024841674715,10.148430699429724,0.0
18,19,0.4203498587021409,8.632218164104822,0.0
18,19,0.5178163683977683,8.539173628549312,0.0
18,19,0.7538812165588612,10.067561269551511,0.0
18,19,0.4978031112863804,8.220840929416017,0.0
18,19,0.40235989125626653,5.430356180886184,0.0
18,19,0.3661224718756117,17.431445297048832,0.2152230971128609
18,19,0.9658110570354128,7.648023688440249,0.0
18,19,0.5921902356735198,9.944831783327247,0.0
18,19,5.5629180655967225,21.277576499671767,0.0935672514619883
18,19,0.5831613328023667,9.107216699488195,0.0
18,19,0.4487341483371188,38.82505381341947,0.01932367149758454
18,19,0.3203016181634098,4.097167538039295,0.0
18,19,0.2121027869999158,5.136921290094743,0.0
18,19,0.6966193556310115,9.053718336323634,0.0
18,19,0.7382143728521953,9.42875805040961,0.0
18,19,0.5704096146973079,6.1888140173230495,0.0
19,20,1.5428829767447774,34.2013423089068,0.00245398773006135
19,20,2.771386215519552,16.38225833997432,0.0
19,20,1.3406078085270663,29.703250872499037,0.20267686424474188
19,20,2.1753040465616382,114.68606752333281,0.35101744186046513
19,20,1.2695132974888832,7.7116949014159815,0.01643835616438356
19,20,1.5627750105351743,27.012811770848568,0.18448275862068966
19,20,1.4210120843565608,80.10278632129183,0.13272243570795153
19,20,1.7995874359277026,125.52774687824707,0.33430176254115823
19,20,2.8296496127002686,20.026217395648178,0.14151925078043706
19,20,1.6011967234661235,12.055707976031528,0.06017699115044248
19,20,1.6333942674243511,18.72584314782875,0.07692307692307693
19,20,2.0853509849392697,31.319949510020862,0.21157684630738524
19,20,1.4586535438868615,18.77564639662947,0.08072916666666667
19,20,0.8138196859590847,44.171793634299796,0.3495283018867925
19,20,2.097189751857944,11.813871222003765,0.007054673721340388
19,20,0.7779967986814281,13.124024589982504,0.006968641114982578
19,20,2.2669397732916305,100.30679181359665,0.25306461666320385
19,20,0.8752963727285853,54.81636826411216,0.11755546905410665
20,21,0.5344310251273711,14.546267378566641,0.2641509433962264
20,21,1.165509400380084,14.103915250146375,0.1411764705882353
20,21,0.4755669261260501,3.274777496375448,0.03870967741935484
20,21,0.5167311172085385,5.881887834673626,0.0163265306122449
20,21,0.413368206360716,4.640806923107181,0.020408163265306117
20,21,0.8649549815521536,9.530675278022992,0.10714285714285714
20,21,0.4068166752309281,41.631938495076376,0.3585972850678733
20,21,0.3854477349249437,48.79768423544425,0.017933390264730998
20,21,0.7377963381475972,5.201457701585593,0.04166666666666666
20,21,0.7377567522105011,5.6553620314515936,0.01951219512195122
20,21,0.2349288312797439,2.5818530645137248,0.016528925619834708
20,21,0.6653539746428847,7.101981697465674,0.07854984894259819
20,21,0.4838752852610672,8.58433574034612,0.11407766990291265
20,21,0.4502609081360629,5.938161171602308,0.05098039215686274
20,21,0.4269184679058789,3.5640999669402373,0.011976047904191616
20,21,0.5688650368112221,4.840596336631036,0.010101010101010102
20,21,0.4683622423768105,4.131980647804922,0.04145077720207254
20,21,1.0751134486582141,14.160846240504053,0.13837638376383765
21,22,0.0,1.2595021954345946,0.03389830508474576
21,22,0.09130987899416168,4.376547079692759,0.12745098039215685
21,22,0.37164967085095896,2.6126368091702896,0.0
21,22,0.14840666262401808,2.5709070504743723,0.019230769230769232
21,22,0.215113448731606,4.836333673714166,0.0
21,22,0.1514364383945466,1.5870271371399682,0.08
21,22,0.2172007517060938,2.7958153951146394,0.031007751937984492
21,22,0.07296387479249722,2.2730723916833413,0.04166666666666666
21,22,0.17244288833865193,2.97744848540796,0.03225806451612903
21,22,6.777886244667902,4.810086706575701,0.0
21,22,0.1060791737842918,2.140922607192576,0.08
21,22,1.6750901281824693,3.0683410867209235,0.0
21,22,0.2032429693761984,40.50088665177198,0.3688190808609657
21,22,0.08896117573933768,2.8860600065902835,0.0291970802919708
21,22,0.42653466693097,2.938117568953793,0.023809523809523808
21,22,0.07388642275589631,1.907126922062126,0.02247191011235955
21,22,7763.975155350707,2.5388370896938643,0.036036036036036036
21,22,0.22335076630502876,3.904612101685335,0.0125
22,23,0.2567067458781732,35.57400253281184,0.0210896309314587
22,23,0.5242974290668021,9.739579626123929,0.0
22,23,0.3806937229249255,9.75510479933052,0.0
22,23,0.6513656238261494,9.139755639235318,0.0
22,23,1.1454940007970398,9.903324082421516,0.0
22,23,0.3956233969537922,8.434910297054017,0.0
22,23,0.20595552004972908,7.434080768055207,0.0
22,23,0.5393980993547375,8.237908041530904,0.0
22,23,0.3203016184438311,3.9264522169161165,0.0
22,23,0.6580898910180404,6.038848250206724,0.0
22,23,0.5926722506651758,8.030704322573664,0.0
22,23,0.6809249679073466,9.79929004525381,0.0
22,23,0.4665290662527758,8.827711316739244,0.0
22,23,0.7446620689717343,8.86159700551116,0.0
22,23,0.4023030814742883,5.3035388554205465,0.0
22,23,6.4900710464430675,45.849385240447944,0.0
22,23,0.5236029243201331,6.672405179485144,0.0
22,23,0.14140185769669414,5.018749795589177,0.0
23,24,1.25479959905539,4.43801413092184,0.11594202898550725
23,24,0.20324426819167327,4.263969944791853,0.08839779005524863
23,24,0.23940343010605103,3.2371781065544902,0.0784313725490196
23,24,3.0351356744951503,12.558044937904208,0.13201320132013197
23,24,0.3737313744188002,6.205018486424775,0.1048951048951049
23,24,0.590384840098953,10.004745968426317,0.13170731707317074
23,24,0.5066265671595216,7.007748832574746,0.06716417910447761
23,24,0.6712981636167088,16.499054250298546,0.3381014304291287
23,24,0.2900833400659873,4.122382914465755,0.08465608465608465
23,24,0.4517696427823552,8.099081789182835,0.08873720136518773
23,24,0.17585036208421329,2.9662553973831165,0.10071942446043164
23,24,0.37827248230148697,5.9815617981376645,0.11570247933884298
23,24,1.5633526883830766,7.207483451000446,0.08504398826979473
23,24,0.3814151932255808,6.1236940686245225,0.054901960784313725
23,24,0.2757419780474383,5.581485853513403,0.09836065573770493
23,24,0.42561131471282215,4.6638209895254334,0.09137055837563453
23,24,467.53725219956016,5.219284673696993,0.06097560975609756
23,24,0.7216444449190822,5.174914400964656,0.045045045045045036
24,25,0.09383371728283364,4.711569016641156,0.06
24,25,0.4833654743613836,6.801199901173358,0.07570977917981073
24,25,0.3403962269243652,37.247975131090854,0.4535623409669211
24,25,0.17186362653155526,3.3289284241826365,0.05128205128205128
24,25,0.20205694713734815,5.823957926261448,0.04371584699453552
24,25,0.529060641442794,8.497766811538526,0.05538461538461538
24,25,1.724749847499487,7.441683025604017,0.08746355685131195
24,25,0.3038728003709257,3.956462664314335,0.06417112299465241
24,25,0.3134003539072756,5.920848029289571,0.031496062992125984
24,25,0.30713506239626953,5.2954049058519415,0.097165991902834
24,25,1.2515535126128037,18.48902987672585,0.3302139037433155
24,25,1.8351425849926803,13.856479273580465,0.11976047904191615
24,25,0.3411520091120869,12.892946335200826,0.1885245901639344
24,25,2.0330347160438857,5.4963249457181735,0.06349206349206349
24,25,0.24018972231453445,7.130462768402622,0.04713804713804714
24,25,2.3914272875071316,8.706468628595657,0.07936507936507936
24,25,0.4371089258185407,5.993331422252704,0.0916030534351145
24,25,2.338548184478032,9.076868988626565,0.0913978494623656
25,26,0.7446356219319289,9.893848465160358,0.0
25,26,0.6177482295784481,11.287504069133456,0.0
25,26,0.5689618881253332,9.54682536687294,0.0
25,26,0.7781999536142342,11.355504687724226,0.0
25,26,0.3220268089121769,9.589439604124186,0.0
25,26,0.4830732022716522,10.061894586499317,0.0
25,26,0.34165506107415794,4.523911583437752,0.0
25,26,0.4462268755959077,7.645237542395733,0.0
25,26,0.9573827211430124,17.055125439254994,0.0
25,26,0.4544267914741199,6.06389412079009,0.0
25,26,0.21208794782115764,5.793350429416878,0.0
25,26,0.44507632299268224,9.939270280952627,0.0
25,26,0.41315419096488215,11.356374663791573,0.0
25,26,0.6070812249116674,11.174305062268255,0.0
25,26,0.6865434860025904,6.871056939908928,0.0
25,26,0.1830686720879773,8.37191843948815,0.0
25,26,0.564516877144942,10.524845039975443,0.0
25,26,0.3422828466243618,9.789033399608275,0.0
26,27,1.1071097265030891,53.0038629767461,0.33647798742138363
26,27,0.6484041308789635,63.04119023515608,0.33815689261233817
26,27,1.3146701729640518,11.028803431700421,0.01327433628318584
26,27,0.6273793044981172,6.607426824877438,0.01384083044982699
26,27,0.9719909123818512,8.266712659214933,0.02030456852791878
26,27,1.4318271989200704,41.67147924397271,0.3047321892875715
26,27,1.1714430091376382,85.98240086957762,0.18419777023751815
26,27,0.2561967499601365,3.414948490173995,0.0125
26,27,1.3334515303026722,10.902924259329595,0.011961722488038276
26,27,0.6142715681286167,9.141066980374141,0.01873536299765808
26,27,0.5130237712003347,7.995236502799434,0.0641399416909621
26,27,0.8900716744790798,8.726513633171331,0.0056022408963585435
26,27,0.4931223326706165,5.615822746679944,0.0076335877862595426
26,27,1.1585458035875,92.59908066925723,0.3175816539263377
26,27,0.9240622487897184,74.27479174784995,0.14313037934332165
26,27,0.627309049711892,4.6857191122834925,0.03015075376884422
26,27,0.2569041927880912,7.8176502247284425,0.050724637681159424
26,27,0.4869892826515406,4.419940315636673,0.02870813397129187
27,28,0.3792874607317517,5.80167637486784,0.056390977443609026
27,28,0.7127268886384932,137.77490996124467,0.4781725888324873
27,28,0.4551741445523718,5.398573401335473,0.08898305084745763
27,28,0.5043984180841506,6.098106273613121,0.05118110236220472
27,28,0.4939026450818605,4.738049272373717,0.0995475113122172
27,28,0.4202290365627641,4.193707247577332,0.08426966292134831
27,28,0.2164870839991292,106.4830317814205,0.4959919839679359
27,28,1.5946974210449816,20.314501614665264,0.1840490797546012
27,28,0.4091338923322613,5.0943477438767735,0.06976744186046513
27,28,0.5975186588112597,7.324489481401969,0.07924528301886792
27,28,0.6446986949966936,8.198517748476139,0.08630952380952381
27,28,0.6047994115777926,166.82674572831266,0.48315951444691396
27,28,0.7467368594933734,41.157063479252976,0.3505535055350554
27,28,0.8543582356786532,8.15601809662871,0.13333333333333333
27,28,0.23801923551369894,3.639122407590671,0.06976744186046513
27,28,0.4743425034043254,6.243372843702089,0.08934707903780069
27,28,0.8339156509038851,9.849424492211982,0.1459227467811159
27,28,1.030019111309347,6.333421694989735,0.05592105263157895
28,29,0.640000533284474,11.133718258164967,0.0
28,29,1.082235317716983,19.501347727104484,0.0
28,29,0.7292432316942205,7.831204221136421,0.0
28,29,1.1589732610547905,12.55346324659318,0.0
28,29,0.5134134813297627,11.951726714569256,0.0
28,29,0.4204440543835791,11.862999996658035,0.0
28,29,0.7297965007584816,11.477155524257224,0.0
28,29,0.4234834564590037,6.951293246318317,0.0
28,29,0.5442170995276833,10.210604432570348,0.0
28,29,1.2811124876806266,18.69120240438367,0.1516164994425864
28,29,0.3299145865646913,6.8293803781508835,0.0
28,29,0.7549221399883109,5.2494445629286295,0.0
28,29,0.7464465006415609,12.13483118432797,0.0
28,29,0.6556391911458009,12.905230969185462,0.0
28,29,0.3661161385956161,9.558058702794991,0.0
28,29,1.1529841887978252,12.006252651410108,0.0
28,29,0.9970687003642126,13.154521868612635,0.0
28,29,0.8903748475076391,12.304303376631086,0.0
29,30,1.2078602753360896,20.12632824192184,0.13647058823529412
29,30,0.7979668985926807,44.98441951045336,0.3043075497915701
29,30,1.8238723056036537,11.04294840834486,0.007547169811320755
29,30,1.3746972383721558,13.512677599757874,0.006211180124223602
29,30,2.128842229860312,20.835751713858226,0.134
29,30,2.4576443866756947,14.112741691883409,0.0
29,30,0.9427315614875236,42.809312923101224,0.0517051705170517
29,30,1.1123958881127995,12.14508726723792,0.0
29,30,1.6786577359439216,99.77694213729569,0.3285748850713767
29,30,1.5917577912165783,10.340364797111857,0.016771488469601678
29,30,2.0176278282413738,21.088913844668074,0.0427263479145473
29,30,2.6250216848187264,62.93132519905302,0.30265425715270594
29,30,1.4337743948066517,54.84009595918907,0.3069908814589666
29,30,0.7045068333677983,14.525673229248008,0.2266857962697274
29,30,1.7118557870486422,88.39876596587219,0.1923620933521924
29,30,1.0579824726631155,14.113458023512173,0.19461077844311375
29,30,1.259550006728296,12.365347413692366,0.005649717514124294
29,30,1.921069315540748,102.03609787224696,0.3542450857381849
30,31,0.6480373258249748,7.310798966683171,0.04624277456647399
30,31,0.5109575264124243,6.72404315546876,0.061224489795918366
30,31,0.2926818550330741,6.4011380368736015,0.06194690265486725
30,31,0.5682428452167905,6.643908397183191,0.07719298245614035
30,31,0.2752271124013737,4.081449662212937,0.062176165803108814
30,31,0.8891991687899968,9.279282950846993,0.04788732394366197
30,31,0.5392355858872848,8.343518674102857,0.09254498714652956
30,31,0.8033964291029184,6.941660528119393,0.02464788732394366
30,31,0.4015691263012512,7.2027533835709825,0.04
30,31,2.561112856159929,56.98928933500394,0.3670938404299297
30,31,1.2403098996839386,20.05820223732273,0.16909975669099755
30,31,0.5770378971188945,7.194047859080013,0.06325301204819278
30,31,1.7925470440575628,5.055916780241874,0.05084745762711865
30,31,0.398286227653106,8.51305254405904,0.048701298701298704
30,31,0.438731957599836,6.614763975081835,0.05825242718446603
30,31,0.17322446125708232,3.435959212730205,0.049689440993788817
30,31,0.2888893796953605,5.847783771311812,0.032388663967611336
30,31,0.8381619522104763,26.77676324550849,0.1873065015479876
31,32,3.235671522471601,6.68762753110646,0.12149532710280375
31,32,0.30265820453232845,6.005882120910004,0.11522633744855967
31,32,0.1946287128522546,3.2988663791434645,0.07692307692307693
31,32,2.4116647913902907,4.157932953324353,0.1134020618556701
31,32,0.2872185509065577,122.78348786789495,0.4637375287797391
31,32,0.3415028307187283,5.740355826275726,0.09163346613545817
31,32,0.06553249170705819,2.8382155904850235,0.10526315789473684
31,32,0.4157482991967546,6.150474161183452,0.0859106529209622
31,32,0.7129887782614406,42.46011635362376,0.4235632183908046
31,32,0.20944140752741572,4.993881036945749,0.12571428571428572
31,32,0.40001789524323017,5.855676874083277,0.1
31,32,0.697050365615741,6.4063376074471465,0.06938775510204083
31,32,0.2677030683519748,4.187790243999095,0.078125
31,32,0.3714828679386592,6.04996231955626,0.0873015873015873
31,32,0.7966069972274212,7.905079438022348,0.07342657342657342
31,32,0.5134828414753413,5.9167794979259645,0.1056338028169014
31,32,0.5955990988674634,4.45075306789494,0.0797872340425532
31,32,0.32313296923857976,5.244845665405488,0.07111111111111111
32,33,1.853542811269848,8.393663823378372,0.09883720930232558
32,33,0.37433872107239335,8.903779075074814,0.15180722891566265
32,33,0.1683807890146138,5.346584323025743,0.047619047619047616
32,33,0.8126509016284348,3.639099359312259,0.06976744186046513
32,33,0.20884880750964616,3.0515177337582795,0.05594405594405594
32,33,0.2564184707138701,5.408018670278896,0.03448275862068965
32,33,0.3259969181572732,6.443774667165654,0.09764309764309764
32,33,0.3370126501709917,5.4900746018471605,0.1
32,33,0.2428234558143697,7.059416537956247,0.08682634730538923
32,33,0.0,4.311085648500138,0.06557377049180327
32,33,0.4846532176265093,7.190418104955205,0.06545454545454546
32,33,0.3264016021528657,6.4582306066675965,0.05204460966542751
32,33,0.6997061445644026,12.736344719411012,0.13029315960912052
32,33,2.2729966336767564,4.558459992519241,0.07655502392344497
32,33,0.07358021237471365,4.8574013585923845,0.08780487804878047
32,33,2.1921417688979186,7.490327017601577,0.09225092250922508
32,33,0.2632586256907706,4.952382739943043,0.1038961038961039
32,33,0.30166338109161384,6.228924531329678,0.1111111111111111
33,34,1.138303608671721,657.2477131692876,0.025615013948769968
33,34,2.0525926134832804,644.8252942479643,0.07367196587824737
33,34,0.6618878741210483,635.3095934942984,6.560603575528947e-05
33,34,1.4513086479321191,517.3100417947694,0.04164652811342033
33,34,1.7032762805912265,718.5056971339127,0.00011651616661811826
33,34,1.6993457910015726,684.469508181137,6.089577687787352e-05
33,34,1.1006686613086878,550.2389125616774,0.0002272124815389859
33,34,1.9608055124793338,841.8268736359784,0.056604707571219964
33,34,1.026737292831139,574.7378491374908,0.005547498187092096
33,34,1.3980709376252698,801.9369487801545,0.01892875715028601
33,34,1.3200947332650803,479.76435392767286,0.09849735082081126
33,34,1.7569685530974757,437.01142549915016,0.003146903161207267
33,34,1.401507020689922,672.7641826183561,0.03050952454700325
33,34,0.8993680425286655,624.243643372808,0.0013351134846461947
33,34,1.1347458501045138,606.6120733370757,0.002129559662018273
33,34,1.6995689923366204,826.3689564616792,0.0
33,34,1.5864843158913622,611.7894769752883,0.002452483139178418
33,34,1.2268438044366061,661.499531669271,0.002016002016002016
34,35,0.30634925844036304,6.499686153304901,0.0
34,35,0.8050808818286163,5.057391717705976,0.0
34,35,0.4698594766125813,11.665694390600839,0.0
34,35,0.29746936194187457,9.39799551877689,0.0
34,35,0.6298142355921184,11.669002740379954,0.0
34,35,0.8650981375125093,11.574842088616256,0.0
34,35,0.868579526569645,11.957091993869007,0.0
34,35,0.5690034389685422,10.967896929939725,0.0
34,35,0.9658110465348512,13.18803392347835,0.0
34,35,0.4864419805892583,12.716373930612011,0.0
34,35,1.1654841829742089,19.298308772435025,0.0
34,35,3.9640614887332286,8.087265402172632,0.0
34,35,0.513413480246101,11.439509891832605,0.0
34,35,0.7299192876427972,11.091008262000996,0.0
34,35,0.8025187070242255,13.00863069223509,0.0
34,35,1.0719512633804456,12.75671069019804,0.0
34,35,0.4234769273117406,6.740007743862384,0.0
34,35,0.500679729941497,9.126676148857996,0.0
35,36,0.8053781654164986,10.022818724678901,0.0
35,36,0.3460982341677608,6.359693832252537,0.0
35,36,0.19786435976365585,10.753155934591362,0.0
35,36,0.19153048147135676,6.193703916564527,0.0
35,36,0.5778048340624715,10.758359473103251,0.0
35,36,0.5932137981578589,12.109296221518656,0.0
35,36,0.1487657700609482,8.943770776568655,0.0
35,36,0.5646817445130824,11.371172785458008,0.0
35,36,0.7908813813642366,18.177844398393365,0.0
35,36,0.498817048298495,11.94684961307934,0.0
35,36,0.2933200451729557,12.051662902927252,0.0
35,36,0.3145659187930965,10.841923592147902,0.0
35,36,0.6264711095349175,10.490334728103168,0.0
35,36,0.4376068173716989,10.115370799828126,0.0
35,36,0.2990060285453875,4.843999665827784,0.0
35,36,0.557867411454695,11.016842913257806,0.0
35,36,0.5352622400733901,7.993738399029155,0.0
35,36,0.6436345182240906,7.319081886744332,0.0
36,37,0.23565327538460806,6.193703917293841,0.0
36,37,3.1714359715278215,7.319081885026377,0.0
36,37,0.3319186728496889,10.115370799109245,0.0
36,37,0.8590700426035559,12.280386338461547,0.0
36,37,0.7492560466881064,24.001410109549145,0.0831889081455806
36,37,0.6021700200825638,8.015519702568746,0.0
36,37,0.3462480453174081,10.75315593300012,0.0
36,37,0.1260566509650656,8.943770769612913,0.0
36,37,0.5518920245506252,12.360712763647905,0.0
36,37,0.2562908818511771,4.843999664794113,0.0
36,37,0.31456591944178003,10.955749549460542,0.0
36,37,0.5836499669139121,12.10929622092976,0.0
36,37,0.6397160321870111,10.734345271921926,0.0
36,37,0.6298373310066411,11.349472074281664,0.0
36,37,0.41099165308310615,6.380822381707263,0.0
36,37,0.4131541921148368,12.093801576761765,0.0
36,37,0.7830888873785679,10.490334719326404,0.0
36,37,0.5149774503743952,11.110008601786038,0.0
37,38,4.185959817053761,5.7010833875045765,0.07894736842105263
37,38,0.5024830199387382,5.2068278057995085,0.06787330316742081
37,38,0.5951064847822602,10.394479074881117,0.06807511737089203
37,38,0.6252696609225825,7.871658623775695,0.07084468664850138
37,38,1.3657853405325469,8.813566158420873,0.06474820143884892
37,38,0.1298922498961296,4.139821267278078,0.06701030927835051
37,38,0.6828784634239938,9.231620654340038,0.0748502994011976
37,38,0.7460646741264514,7.412977475167914,0.07861635220125786
37,38,0.6693308130560326,7.0230819129195785,0.043478260869565216
37,38,0.5093047679524841,6.882232909546735,0.08641975308641975
37,38,1.1330744749101147,8.458494704142861,0.08374384236453201
37,38,0.5027100766047253,4.546514608589906,0.05116279069767442
37,38,0.5776007864364711,6.415713213059153,0.055350553505535055
37,38,0.9591288931532392,8.414824633125527,0.07989690721649484
37,38,0.6784609485550525,7.810005268677005,0.0759493670886076
37,38,0.9606466913674676,7.994824074067311,0.06306306306306306
37,38,1.3435596123210654,9.883556540278848,0.05555555555555555
37,38,0.4644768990736322,7.318382006401816,0.065625
38,39,1.0114865862315368,12.683112075693655,0.029411764705882356
38,39,0.5451234238351215,5.4688902504932,0.025974025974025976
38,39,0.8799248961977268,11.641214557045947,0.15498938428874734
38,39,0.975877315518678,6.9185613415021745,0.04075235109717868
38,39,0.8196289130484419,8.643845237775299,0.08933002481389578
38,39,0.6360990985027072,8.29213155888058,0.03666666666666667
38,39,0.768307209423673,5.01538802213029,0.05555555555555555
38,39,0.5369905095155847,8.80870773996008,0.030470914127423827
38,39,0.5092838705570343,5.790213633370192,0.06896551724137931
38,39,0.5892164610841741,4.3587433613860895,0.04324324324324325
38,39,1.0570982386849404,7.524470581717786,0.03651685393258427
38,39,0.151598423049043,3.6064333690629047,0.035502958579881665
38,39,0.5949618383293883,6.037820641599865,0.060606060606060615
38,39,1.008494618267062,6.793459086751382,0.02826855123674912
38,39,0.5925312900828219,4.123682645217676,0.030769230769230767
38,39,1.2292211779923568,8.602611759984995,0.0364741641337386
38,39,0.7926937149656654,6.247585338572093,0.02985074626865672
38,39,0.8289730036335972,6.434350269108796,0.03389830508474576
39,41,1.5096722492474917,145.38274308904934,0.3591759710646328
39,41,1.1767334260691138,15.171592507120785,0.10759493670886076
39,41,1.6993335864335766,20.553080310810113,0.006345177664974618
39,41,0.4852627984959776,18.070469659552625,0.14733542319749215
39,41,1.4318272072758995,15.0381604437364,0.1181556195965418
39,41,0.7069835905721706,51.25909419067761,0.12632062471290767
39,41,0.9560897621519886,16.456093904017102,0.13314447592067988
39,41,1.9290301253456656,140.85765533372475,0.35787285640048494
39,41,2.114823296441425,44.018225000155496,0.1807909604519774
39,41,1.3802133286280105,18.89556040882817,0.12408759124087593
39,41,1.44712880779789,68.50309342415068,0.3491577335375192
39,41,1.480472430538862,12.955172580409595,0.052980132450331126
39,41,0.8042616572772071,5.519473432489816,0.02298850574712644
39,41,1.4587285872120257,100.14380317693598,0.3394495412844037
39,41,0.4269945849898597,84.93950074054564,0.2821608040201005
39,41,1.1564685798399776,105.57934070029116,0.34549878345498786
39,41,1.072005074171873,97.95124295459942,0.3566739606126915
39,41,0.948446766519994,14.063091320029638,0.10774410774410774
40,42,1.3919023599777771,11.705559923734189,0.0
40,42,0.6690777933021501,7.6750393940769825,0.0
40,42,0.6296534319084817,10.880895444058735,0.0
40,42,0.5575014076088961,12.277940187735654,0.0
40,42,0.6007867186171368,7.233728170915892,0.0
40,42,0.19154409424315208,6.173257548166743,0.0
40,42,0.7908813780721664,18.26103820793988,0.0
40,42,0.5683954530529886,11.93908526703208,0.0
40,42,0.7135553694329705,10.614379289335481,0.0
40,42,0.7962400324400709,10.434557361357074,0.0
40,42,0.4575862086083061,9.949545075173823,0.0
40,42,0.1593777883577382,8.669281791248332,0.0
40,42,0.4543729983066132,10.614271805133766,0.0
40,42,0.3843619395472505,4.694625231201349,0.0
40,42,0.643938091074577,10.468882256933924,0.0
40,42,0.4165331190603253,11.840295868158195,0.0
40,42,0.2967175457124045,10.65450315176444,0.0
40,42,0.3677293704783043,6.355425598623791,0.0
41,43,0.5010989009796836,11.203174307762392,0.0
41,43,0.9664537956976996,13.294300087764034,0.0
41,43,0.3914092340648596,12.072732290215336,0.0
41,43,0.4906570532364636,7.993738399029155,0.0
41,43,0.4937505302949123,10.42597687004411,0.0
41,43,0.8554326382895224,11.615759137813425,0.0
41,43,0.3766474819570541,11.041119065114883,0.0
41,43,0.23565327585663404,6.240804340832728,0.0
41,43,0.7492560428519781,18.13624751629919,0.0
41,43,0.3462268294816132,10.802482351015813,0.0
41,43,0.5659026433704102,10.950473000937274,0.0
41,43,0.34609823406294976,6.401950942243808,0.0
41,43,0.7781999562069386,12.0606645526024,0.0
41,43,0.3432537608876061,8.989519002108228,0.0
41,43,0.4741695318105168,10.210128407520488,0.0
41,43,0.7600070877783289,11.262669228344855,0.0
41,43,0.4719986467077928,7.319081899394728,0.0
41,43,0.32033499866723386,4.822660466323244,0.0
42,44,0.4978416588251214,8.196529958462154,0.0
42,44,0.22883946753885426,7.206137588447191,0.0
42,44,0.4963301697271046,8.626124585737896,0.0
42,44,0.29087510144057915,8.38398105580918,0.0
42,44,0.5352622379604108,6.469047151257928,0.0
42,44,3.4576494136195794,5.974760694549758,0.0
42,44,0.6726650699252102,14.808495627935155,0.0
42,44,0.4109916517584636,4.96520945221425,0.0
42,44,0.5518920264390511,9.380898073860015,0.0
42,44,0.8033509370988012,9.331305911730805,0.0
42,44,0.36300850154638137,3.713021756891724,0.0
42,44,0.5905285882109257,8.525039375426651,0.0
42,44,0.4566441103113776,9.565480657790806,0.0
42,44,0.4173519069016468,8.38491212592632,0.0
42,44,0.4698027823492422,8.755436570479164,0.0
42,44,0.1885346929548223,4.780691625664844,0.0
42,44,0.6174565974311184,9.673091568299444,0.0
42,44,0.6809249630720476,9.604763056292057,0.0
43,45,0.3387058457930853,4.673454196228042,0.009174311926605505
43,45,0.8630147454734718,14.898784590118,0.1902097902097902
43,45,0.5233945740863714,9.887242288176312,0.051575931232091685
43,45,0.741887596927761,7.2580596952068515,0.02359882005899705
43,45,0.7561364935133466,10.621133707587779,0.0
43,45,0.37335220635971217,12.177135769345355,0.13226452905811625
43,45,0.6776626881328135,53.9898613608332,0.3759166345040525
43,45,0.28708733915149515,4.898230740047792,0.009615384615384616
43,45,0.3252448536446696,6.082298754696196,0.015037593984962403
43,45,0.6397094650930188,7.827395624851057,0.012269938650306749
43,45,0.6634787907237275,13.857346681864145,0.14285714285714285
43,45,0.3449445610111863,6.630338931680187,0.014285714285714284
43,45,0.7100306566656287,6.787011643475124,0.016260162601626018
43,45,0.2775626987838555,3.3715289497785585,0.012658227848101266
43,45,0.6739087450384608,7.065755806201928,0.006920415224913495
43,45,0.5617381700375338,7.239408129806232,0.011594202898550723
43,45,0.6040270828745775,7.294121446902365,0.005882352941176471
43,45,0.824393344502002,8.127727168647214,0.010666666666666666
44,46,0.0,2.1008534208269563,0.0
44,46,0.08547282434811923,2.07505232390621,0.0
44,46,2.8773677799036097,2.7085022056600847,0.0
44,46,0.07569784171709312,1.7794957228255843,0.0
44,46,3.344933193706457,2.515408803473232,0.0
44,46,0.18179305357801973,2.9026848138497217,0.0
44,46,25.30671453313693,2.1671742747777505,0.0
44,46,7763.975155297169,1.611437129260109,0.0
44,46,,2.1507190469451585,0.0
44,46,,1.1524545316813926,0.0
44,46,0.06735299982131193,1.9734939910024925,0.0
44,46,0.07183652251705551,1.3332090196479376,0.0
44,46,0.5871817588589413,2.4523276017609383,0.0
44,46,0.9719552470398972,2.847356589851259,0.0
44,46,0.6832980069896042,1.7014246450942951,0.0
44,46,,1.626026172159117,0.0
44,46,,4.486054509267935,0.0
44,46,0.09792144423727077,2.4736458436460174,0.0
45,47,0.43334942014816297,3.8859460144509215,0.0
45,47,0.4560483940291005,4.592539097001431,0.0
45,47,0.5267527151407247,3.622787531820947,0.0
45,47,0.3187272436327779,4.437924634157231,0.0
45,47,0.3038663460911933,2.940971148859292,0.0
45,47,0.5832369591883302,4.843773527749506,0.0
45,47,0.4799893076918561,4.951210330412565,0.0
45,47,0.5274690970453747,3.3691907786760984,0.0
45,47,0.1299415056197573,2.582141947045131,0.0
45,47,0.8900647238397535,6.7093935401400575,0.0
45,47,0.5333097058076728,5.315712929385584,0.0
45,47,0.3464972054089313,4.848617469003676,0.0
45,47,0.6488561592551023,5.041882972269472,0.0
45,47,0.6386756703883008,9.675540864453495,0.0
45,47,0.4380019512216044,5.66432381372305,0.0
45,47,0.6539350792280239,6.8769136522772465,0.0
45,47,0.6719677973837755,5.859772978803444,0.0
45,47,0.4138101219065276,4.328241430987396,0.0
46,48,0.5578892230672919,7.4873152909457374,0.005730659025787965
46,48,0.7170495657651555,7.627606348630723,0.00641025641025641
46,48,1.37185305665798,11.782819977093293,0.0
46,48,0.7544931351958782,7.614048328028573,0.0
46,48,0.4109845312085594,3.9142485163345313,0.032432432432432434
46,48,0.4557291541014781,7.045655537015268,0.0
46,48,0.2348697914069615,3.3086379213066732,0.012903225806451613
46,48,0.7382092508845084,41.47697137652651,0.3870292887029289
46,48,0.6737323121042459,6.081865045272816,0.015037593984962403
46,48,0.7517471522964503,8.060697163797474,0.0
46,48,0.8609589100279282,8.539844356819923,0.009828009828009828
46,48,0.4288203298612338,4.738262431598466,0.00904977375565611
46,48,0.6397094639597715,7.802434665346188,0.012307692307692308
46,48,0.4664351781789685,7.312088602174143,0.009554140127388536
46,48,0.4231325006252618,9.321274400056351,0.005235602094240838
46,48,0.5102229629193225,7.008697846616562,0.013513513513513514
46,48,0.4059440457162176,4.356283172599508,0.010810810810810813
46,48,0.4015934832462364,6.026459966849918,0.02877697841726619
47,49,0.3199626088390969,8.298430176410353,0.0
47,49,0.8002489940637866,10.291260630648337,0.0
47,49,3.0579623387827644,6.3144595035993625,0.0
47,49,0.9156980952858153,15.720566822913332,0.0
47,49,0.493757948213292,9.012368958570667,0.0
47,49,0.7382143725957432,8.897291683471288,0.0
47,49,0.4945292431107946,9.196894878618004,0.0
47,49,0.3203016183070402,3.885564953124976,0.0
47,49,0.6590972354656826,14.887944444933375,0.10491803278688523
47,49,0.7381106615835688,8.669192557623226,0.0
47,49,0.4658903990404733,4.972001928583184,0.0
47,49,0.5670225158285804,6.3819219370995715,0.0
47,49,0.7586864588148624,9.647017269727623,0.0
47,49,0.39140924044824255,9.881367459265086,0.0
47,49,0.2517234142985001,7.183139990942222,0.0
47,49,0.5215080237953721,8.53224394451633,0.0
47,49,0.4027819757094091,8.25498835930955,0.0
47,49,0.21210153078382715,5.063206844790872,0.0
